arrival_time,departure_time,airline,passenger_count
2026-02-01 07:47:00,2026-02-01 09:20:00,Vistara,174
2026-02-01 07:06:00,2026-02-01 09:27:12,Lufthansa,143
2026-02-01 06:27:00,2026-02-01 07:30:48,IndiGo,182
2026-02-01 08:32:00,2026-02-01 10:44:14,Lufthansa,226
2026-02-01 08:41:00,2026-02-01 11:05:09,Emirates,138
2026-02-01 08:37:00,2026-02-01 10:10:22,Air India,138
2026-02-01 19:10:00,2026-02-01 21:33:46,AirAsia India,228
2026-02-01 09:13:00,2026-02-01 12:07:51,AirAsia India,188
2026-02-01 06:24:00,2026-02-01 07:35:36,AirAsia India,126
2026-02-01 17:51:00,2026-02-01 18:56:12,Singapore Airlines,177
2026-02-01 15:59:00,2026-02-01 17:44:25,Lufthansa,126
2026-02-01 09:40:00,2026-02-01 11:54:13,AirAsia India,126
2026-02-01 16:45:00,2026-02-01 17:53:20,Vistara,162
2026-02-01 19:05:00,2026-02-01 21:47:38,IndiGo,54
2026-02-01 10:29:00,2026-02-01 12:45:16,AirAsia India,63
2026-02-01 07:22:00,2026-02-01 08:47:08,GoAir,121
2026-02-01 18:43:00,2026-02-01 21:00:45,British Airways,99
2026-02-01 17:34:00,2026-02-01 20:01:29,SpiceJet,165
2026-02-01 13:17:00,2026-02-01 16:15:44,Lufthansa,104
2026-02-01 08:20:00,2026-02-01 11:01:08,Air India,79
2026-02-01 08:02:00,2026-02-01 10:38:36,Emirates,223
2026-02-01 09:13:00,2026-02-01 12:02:34,British Airways,138
2026-02-01 20:20:00,2026-02-01 21:45:30,Singapore Airlines,153
2026-02-01 11:58:00,2026-02-01 14:15:08,SpiceJet,78
2026-02-01 08:15:00,2026-02-01 10:44:23,Lufthansa,122
2026-02-01 08:37:00,2026-02-01 10:28:24,British Airways,155
2026-02-01 11:14:00,2026-02-01 14:13:40,SpiceJet,92
2026-02-01 15:05:00,2026-02-01 17:35:41,IndiGo,168
2026-02-01 07:10:00,2026-02-01 09:45:02,Emirates,119
2026-02-01 17:24:00,2026-02-01 19:09:47,Singapore Airlines,135
2026-02-01 15:35:00,2026-02-01 18:18:17,Air India,119
2026-02-01 18:07:00,2026-02-01 20:28:48,Lufthansa,242
2026-02-01 18:49:00,2026-02-01 21:05:54,IndiGo,149
2026-02-01 09:10:00,2026-02-01 11:04:26,GoAir,97
2026-02-01 22:48:00,2026-02-02 00:09:26,IndiGo,191
2026-02-01 20:19:00,2026-02-01 23:00:00,Lufthansa,88
2026-02-01 17:09:00,2026-02-01 18:53:52,SpiceJet,160
2026-02-01 15:49:00,2026-02-01 18:39:41,Air India,52
2026-02-01 17:31:00,2026-02-01 18:33:20,AirAsia India,83
2026-02-01 20:53:00,2026-02-01 23:29:48,Vistara,159
2026-02-01 06:56:00,2026-02-01 09:04:04,IndiGo,186
2026-02-01 06:31:00,2026-02-01 09:08:55,Lufthansa,158
2026-02-01 19:08:00,2026-02-01 21:27:10,Lufthansa,144
2026-02-01 07:33:00,2026-02-01 10:17:41,Emirates,134
2026-02-01 22:59:00,2026-02-02 01:03:42,Vistara,76
2026-02-01 18:25:00,2026-02-01 21:24:25,AirAsia India,114
2026-02-01 12:33:00,2026-02-01 14:27:10,Vistara,126
2026-02-01 08:21:00,2026-02-01 09:23:31,Lufthansa,202
2026-02-01 08:14:00,2026-02-01 09:14:51,Air India,167
2026-02-01 08:57:00,2026-02-01 10:00:46,AirAsia India,61
2026-02-02 15:17:00,2026-02-02 17:37:16,Vistara,166
2026-02-02 15:46:00,2026-02-02 18:38:15,British Airways,130
2026-02-02 16:15:00,2026-02-02 18:49:09,Emirates,116
2026-02-02 08:06:00,2026-02-02 10:25:04,AirAsia India,180
2026-02-02 11:29:00,2026-02-02 14:12:39,Air India,201
2026-02-02 18:41:00,2026-02-02 19:52:48,Emirates,196
2026-02-02 18:51:00,2026-02-02 21:34:24,Vistara,108
2026-02-02 08:34:00,2026-02-02 10:27:50,Emirates,134
2026-02-02 08:29:00,2026-02-02 09:58:58,IndiGo,166
2026-02-02 12:55:00,2026-02-02 15:37:42,IndiGo,198
2026-02-02 05:34:00,2026-02-02 08:14:19,IndiGo,126
2026-02-02 21:54:00,2026-02-02 23:22:21,Emirates,140
2026-02-02 14:13:00,2026-02-02 16:56:45,Air India,94
2026-02-02 07:00:00,2026-02-02 09:58:14,GoAir,90
2026-02-02 21:50:00,2026-02-02 23:44:36,Emirates,190
2026-02-02 18:46:00,2026-02-02 21:45:27,Lufthansa,217
2026-02-02 17:31:00,2026-02-02 18:49:34,GoAir,146
2026-02-02 08:03:00,2026-02-02 10:12:30,Lufthansa,200
2026-02-02 06:20:00,2026-02-02 07:26:51,British Airways,168
2026-02-02 13:58:00,2026-02-02 16:40:19,SpiceJet,117
2026-02-02 06:32:00,2026-02-02 07:41:36,SpiceJet,168
2026-02-02 06:04:00,2026-02-02 08:25:01,Vistara,226
2026-02-03 07:56:00,2026-02-03 10:04:21,British Airways,148
2026-02-03 16:39:00,2026-02-03 17:48:50,British Airways,228
2026-02-03 16:20:00,2026-02-03 19:12:09,Vistara,30
2026-02-03 18:20:00,2026-02-03 19:48:38,Emirates,191
2026-02-03 07:41:00,2026-02-03 09:16:59,AirAsia India,154
2026-02-03 21:59:00,2026-02-03 23:07:42,Singapore Airlines,135
2026-02-03 17:36:00,2026-02-03 20:35:31,IndiGo,154
2026-02-03 15:32:00,2026-02-03 17:03:49,AirAsia India,50
2026-02-03 20:56:00,2026-02-03 22:25:18,GoAir,139
2026-02-03 07:53:00,2026-02-03 09:58:11,GoAir,167
2026-02-03 17:51:00,2026-02-03 20:09:28,Air India,223
2026-02-03 17:35:00,2026-02-03 19:10:55,IndiGo,124
2026-02-03 22:08:00,2026-02-03 23:39:44,IndiGo,109
2026-02-03 18:09:00,2026-02-03 19:41:40,British Airways,124
2026-02-03 08:21:00,2026-02-03 09:45:25,GoAir,195
2026-02-03 14:16:00,2026-02-03 17:04:38,Air India,166
2026-02-03 06:27:00,2026-02-03 09:06:31,Air India,123
2026-02-03 00:49:00,2026-02-03 02:04:41,GoAir,175
2026-02-03 07:28:00,2026-02-03 09:34:12,Emirates,154
2026-02-03 16:07:00,2026-02-03 17:16:01,SpiceJet,198
2026-02-03 16:53:00,2026-02-03 18:37:18,Lufthansa,114
2026-02-03 07:08:00,2026-02-03 08:13:01,AirAsia India,133
2026-02-03 21:50:00,2026-02-04 00:46:39,Air India,130
2026-02-03 21:13:00,2026-02-03 23:34:50,IndiGo,76
2026-02-03 10:35:00,2026-02-03 13:21:05,Emirates,164
2026-02-03 22:47:00,2026-02-04 00:05:32,Vistara,163
2026-02-03 20:51:00,2026-02-03 23:28:17,Emirates,150
2026-02-03 03:47:00,2026-02-03 06:37:56,Emirates,138
2026-02-03 19:55:00,2026-02-03 22:23:12,Vistara,79
2026-02-03 09:50:00,2026-02-03 12:14:09,Emirates,128
2026-02-03 20:54:00,2026-02-03 22:50:28,Vistara,132
2026-02-03 19:29:00,2026-02-03 21:10:57,Vistara,109
2026-02-04 02:12:00,2026-02-04 03:59:48,GoAir,141
2026-02-04 20:49:00,2026-02-04 22:22:29,Lufthansa,170
2026-02-04 11:53:00,2026-02-04 13:57:20,Air India,244
2026-02-04 07:16:00,2026-02-04 08:37:25,GoAir,158
2026-02-04 05:38:00,2026-02-04 07:30:08,AirAsia India,162
2026-02-04 12:32:00,2026-02-04 13:45:52,British Airways,146
2026-02-04 08:02:00,2026-02-04 10:27:03,Air India,54
2026-02-04 15:51:00,2026-02-04 17:55:36,Vistara,148
2026-02-04 10:04:00,2026-02-04 12:57:51,AirAsia India,153
2026-02-04 17:42:00,2026-02-04 20:23:45,GoAir,273
2026-02-04 14:42:00,2026-02-04 16:31:00,Emirates,140
2026-02-04 18:35:00,2026-02-04 19:50:16,Emirates,165
2026-02-04 17:24:00,2026-02-04 19:45:16,SpiceJet,148
2026-02-04 17:19:00,2026-02-04 19:07:43,Air India,91
2026-02-04 09:13:00,2026-02-04 11:04:35,British Airways,207
2026-02-04 17:20:00,2026-02-04 19:15:47,Singapore Airlines,187
2026-02-04 18:32:00,2026-02-04 20:28:46,SpiceJet,189
2026-02-04 17:18:00,2026-02-04 19:19:51,British Airways,104
2026-02-04 09:52:00,2026-02-04 12:46:14,Vistara,220
2026-02-04 18:14:00,2026-02-04 20:50:47,SpiceJet,79
2026-02-04 02:15:00,2026-02-04 05:13:04,British Airways,179
2026-02-04 20:04:00,2026-02-04 21:58:38,British Airways,259
2026-02-04 08:44:00,2026-02-04 10:30:04,Emirates,100
2026-02-04 08:41:00,2026-02-04 11:03:30,IndiGo,121
2026-02-04 19:14:00,2026-02-04 20:35:06,Lufthansa,154
2026-02-04 13:35:00,2026-02-04 15:04:54,IndiGo,124
2026-02-04 13:51:00,2026-02-04 15:46:45,Lufthansa,72
2026-02-05 17:48:00,2026-02-05 20:34:58,British Airways,153
2026-02-05 19:57:00,2026-02-05 21:57:34,Lufthansa,96
2026-02-05 12:10:00,2026-02-05 14:39:14,Singapore Airlines,173
2026-02-05 12:48:00,2026-02-05 14:17:40,GoAir,104
2026-02-05 19:33:00,2026-02-05 21:31:09,Vistara,227
2026-02-05 09:04:00,2026-02-05 11:29:37,Vistara,110
2026-02-05 09:20:00,2026-02-05 12:07:09,IndiGo,133
2026-02-05 07:14:00,2026-02-05 08:59:57,SpiceJet,190
2026-02-05 18:04:00,2026-02-05 19:53:47,AirAsia India,88
2026-02-05 15:26:00,2026-02-05 16:33:28,Emirates,161
2026-02-05 11:49:00,2026-02-05 13:59:05,Air India,215
2026-02-05 20:48:00,2026-02-05 22:57:04,Singapore Airlines,69
2026-02-05 00:22:00,2026-02-05 01:57:50,Emirates,159
2026-02-05 20:53:00,2026-02-05 22:43:16,Lufthansa,162
2026-02-05 19:57:00,2026-02-05 21:23:27,Vistara,189
2026-02-05 09:31:00,2026-02-05 10:34:28,AirAsia India,88
2026-02-05 18:51:00,2026-02-05 20:39:31,SpiceJet,83
2026-02-05 20:58:00,2026-02-05 22:13:18,British Airways,176
2026-02-05 15:58:00,2026-02-05 17:45:16,British Airways,164
2026-02-05 17:05:00,2026-02-05 19:22:07,SpiceJet,162
2026-02-05 20:11:00,2026-02-05 21:17:02,Emirates,167
2026-02-05 09:29:00,2026-02-05 11:08:13,Emirates,115
2026-02-05 09:53:00,2026-02-05 11:43:35,IndiGo,161
2026-02-05 13:47:00,2026-02-05 15:51:43,AirAsia India,164
2026-02-05 08:04:00,2026-02-05 10:37:44,Air India,114
2026-02-05 18:15:00,2026-02-05 19:38:55,Air India,243
2026-02-05 17:15:00,2026-02-05 18:30:08,IndiGo,173
2026-02-05 16:13:00,2026-02-05 18:08:48,GoAir,90
2026-02-05 19:10:00,2026-02-05 21:22:42,IndiGo,182
2026-02-05 19:10:00,2026-02-05 22:05:45,IndiGo,101
2026-02-05 16:59:00,2026-02-05 18:36:26,Emirates,189
2026-02-05 11:45:00,2026-02-05 13:08:47,British Airways,207
2026-02-05 18:40:00,2026-02-05 20:09:08,GoAir,108
2026-02-05 20:38:00,2026-02-05 23:14:39,British Airways,198
2026-02-05 19:22:00,2026-02-05 21:25:55,AirAsia India,170
2026-02-05 06:41:00,2026-02-05 08:21:56,Emirates,191
2026-02-05 19:06:00,2026-02-05 20:58:01,AirAsia India,244
2026-02-06 21:29:00,2026-02-06 23:53:52,Emirates,137
2026-02-06 07:33:00,2026-02-06 10:28:51,GoAir,112
2026-02-06 17:58:00,2026-02-06 20:02:34,Singapore Airlines,105
2026-02-06 13:52:00,2026-02-06 16:19:43,GoAir,109
2026-02-06 09:15:00,2026-02-06 11:54:41,IndiGo,146
2026-02-06 09:28:00,2026-02-06 10:57:15,Singapore Airlines,167
2026-02-06 16:42:00,2026-02-06 18:27:28,Air India,163
2026-02-06 14:20:00,2026-02-06 15:41:49,Vistara,191
2026-02-06 10:16:00,2026-02-06 11:56:50,British Airways,150
2026-02-06 18:17:00,2026-02-06 20:23:41,Lufthansa,222
2026-02-06 22:05:00,2026-02-06 23:33:57,Emirates,136
2026-02-06 14:48:00,2026-02-06 16:16:50,Singapore Airlines,286
2026-02-06 17:31:00,2026-02-06 19:24:46,Air India,181
2026-02-06 06:14:00,2026-02-06 08:02:31,Vistara,107
2026-02-06 09:37:00,2026-02-06 11:21:16,Lufthansa,96
2026-02-06 15:27:00,2026-02-06 18:26:35,Lufthansa,174
2026-02-06 09:44:00,2026-02-06 11:38:26,GoAir,138
2026-02-06 08:07:00,2026-02-06 10:33:33,AirAsia India,185
2026-02-06 07:34:00,2026-02-06 10:28:06,SpiceJet,173
2026-02-06 08:47:00,2026-02-06 10:45:06,British Airways,146
2026-02-06 23:33:00,2026-02-07 01:44:36,IndiGo,107
2026-02-06 20:18:00,2026-02-06 21:45:17,SpiceJet,74
2026-02-06 09:45:00,2026-02-06 11:49:05,GoAir,127
2026-02-06 05:03:00,2026-02-06 07:09:24,SpiceJet,192
2026-02-06 17:48:00,2026-02-06 19:46:54,Air India,160
2026-02-06 16:30:00,2026-02-06 18:27:26,AirAsia India,87
2026-02-06 08:03:00,2026-02-06 09:33:17,Singapore Airlines,158
2026-02-06 07:04:00,2026-02-06 08:52:05,IndiGo,169
2026-02-06 16:43:00,2026-02-06 17:49:25,SpiceJet,105
2026-02-06 19:19:00,2026-02-06 20:29:13,Vistara,157
2026-02-06 07:48:00,2026-02-06 09:37:56,British Airways,152
2026-02-06 19:14:00,2026-02-06 21:47:04,Emirates,92
2026-02-06 12:28:00,2026-02-06 14:03:40,British Airways,167
2026-02-06 23:19:00,2026-02-07 01:27:14,Air India,178
2026-02-06 17:47:00,2026-02-06 18:58:54,Vistara,204
2026-02-06 17:16:00,2026-02-06 19:35:15,SpiceJet,202
2026-02-06 08:35:00,2026-02-06 09:44:00,Air India,81
2026-02-06 11:44:00,2026-02-06 13:55:15,GoAir,103
2026-02-06 04:18:00,2026-02-06 06:42:50,Singapore Airlines,175
2026-02-06 06:14:00,2026-02-06 09:04:52,British Airways,175
2026-02-07 12:34:00,2026-02-07 14:00:58,SpiceJet,175
2026-02-07 21:52:00,2026-02-07 23:09:04,Air India,342
2026-02-07 07:19:00,2026-02-07 09:30:24,British Airways,178
2026-02-07 21:28:00,2026-02-07 22:42:55,GoAir,206
2026-02-07 18:17:00,2026-02-07 20:17:03,Singapore Airlines,197
2026-02-07 12:38:00,2026-02-07 13:42:46,Emirates,182
2026-02-07 18:38:00,2026-02-07 20:08:02,IndiGo,134
2026-02-07 08:43:00,2026-02-07 11:23:18,British Airways,187
2026-02-07 16:01:00,2026-02-07 19:00:56,GoAir,111
2026-02-07 16:48:00,2026-02-07 19:18:45,Singapore Airlines,138
2026-02-07 15:28:00,2026-02-07 18:17:55,SpiceJet,125
2026-02-07 23:27:00,2026-02-08 01:43:10,Singapore Airlines,154
2026-02-07 22:30:00,2026-02-08 00:11:45,AirAsia India,265
2026-02-07 09:06:00,2026-02-07 11:48:55,AirAsia India,56
2026-02-07 11:31:00,2026-02-07 13:05:35,Emirates,184
2026-02-07 19:35:00,2026-02-07 20:39:24,IndiGo,69
2026-02-07 09:20:00,2026-02-07 10:33:54,Emirates,126
2026-02-07 20:52:00,2026-02-07 23:50:34,Lufthansa,204
2026-02-07 13:03:00,2026-02-07 14:25:30,AirAsia India,153
2026-02-07 17:31:00,2026-02-07 19:46:02,Air India,96
2026-02-07 08:35:00,2026-02-07 09:50:43,GoAir,114
2026-02-07 12:44:00,2026-02-07 14:42:09,Air India,183
2026-02-07 22:38:00,2026-02-08 01:13:55,SpiceJet,113
2026-02-07 09:00:00,2026-02-07 11:06:16,IndiGo,160
2026-02-07 08:53:00,2026-02-07 11:42:33,Singapore Airlines,152
2026-02-07 22:41:00,2026-02-08 01:20:51,Singapore Airlines,117
2026-02-07 21:18:00,2026-02-07 23:19:03,GoAir,257
2026-02-07 11:30:00,2026-02-07 14:27:37,Vistara,181
2026-02-07 13:09:00,2026-02-07 14:55:01,British Airways,48
2026-02-07 14:56:00,2026-02-07 16:12:22,IndiGo,159
2026-02-07 09:50:00,2026-02-07 12:32:31,AirAsia India,116
2026-02-07 21:32:00,2026-02-07 23:04:03,Air India,192
2026-02-07 09:19:00,2026-02-07 11:59:29,British Airways,110
2026-02-07 23:31:00,2026-02-08 02:14:49,Singapore Airlines,144
2026-02-07 15:22:00,2026-02-07 17:01:53,Lufthansa,175
2026-02-07 10:59:00,2026-02-07 12:37:36,Vistara,193
2026-02-08 16:14:00,2026-02-08 18:56:43,Emirates,89
2026-02-08 05:47:00,2026-02-08 07:43:45,Emirates,133
2026-02-08 10:42:00,2026-02-08 13:17:05,SpiceJet,126
2026-02-08 14:02:00,2026-02-08 15:17:08,British Airways,117
2026-02-08 09:06:00,2026-02-08 11:50:54,Singapore Airlines,238
2026-02-08 06:58:00,2026-02-08 08:52:49,SpiceJet,170
2026-02-08 11:41:00,2026-02-08 14:37:23,IndiGo,86
2026-02-08 13:16:00,2026-02-08 14:56:37,Emirates,195
2026-02-08 17:54:00,2026-02-08 19:33:25,Lufthansa,256
2026-02-08 10:20:00,2026-02-08 12:35:12,Singapore Airlines,201
2026-02-08 20:02:00,2026-02-08 22:16:05,Vistara,74
2026-02-08 17:58:00,2026-02-08 19:32:29,Vistara,125
2026-02-08 18:27:00,2026-02-08 21:24:24,IndiGo,213
2026-02-08 12:44:00,2026-02-08 14:19:56,Air India,114
2026-02-08 05:50:00,2026-02-08 06:56:44,AirAsia India,172
2026-02-08 10:09:00,2026-02-08 11:38:18,Emirates,188
2026-02-08 16:50:00,2026-02-08 18:11:36,SpiceJet,103
2026-02-08 06:55:00,2026-02-08 08:40:54,Vistara,147
2026-02-08 14:37:00,2026-02-08 15:54:10,Singapore Airlines,30
2026-02-08 17:29:00,2026-02-08 18:59:38,Air India,98
2026-02-08 21:29:00,2026-02-09 00:17:08,Lufthansa,137
2026-02-08 07:28:00,2026-02-08 10:21:25,British Airways,87
2026-02-08 09:27:00,2026-02-08 11:49:50,Singapore Airlines,231
2026-02-08 20:12:00,2026-02-08 23:11:55,Singapore Airlines,78
2026-02-08 07:24:00,2026-02-08 09:32:37,British Airways,127
2026-02-08 09:44:00,2026-02-08 11:19:25,Emirates,156
2026-02-08 09:36:00,2026-02-08 12:19:48,Air India,222
2026-02-08 21:47:00,2026-02-08 23:46:36,GoAir,78
2026-02-08 19:14:00,2026-02-08 21:26:50,AirAsia India,208
2026-02-08 08:12:00,2026-02-08 10:26:30,SpiceJet,150
2026-02-08 17:57:00,2026-02-08 20:12:17,Air India,100
2026-02-08 09:28:00,2026-02-08 10:32:00,AirAsia India,173
2026-02-08 18:05:00,2026-02-08 20:54:09,AirAsia India,159
2026-02-08 18:11:00,2026-02-08 19:35:05,Lufthansa,119
2026-02-08 20:23:00,2026-02-08 22:26:42,GoAir,153
2026-02-08 20:16:00,2026-02-08 23:05:41,Singapore Airlines,130
2026-02-08 22:18:00,2026-02-09 00:47:35,AirAsia India,155
2026-02-09 13:04:00,2026-02-09 14:20:53,Vistara,183
2026-02-09 20:46:00,2026-02-09 23:06:55,Emirates,229
2026-02-09 22:51:00,2026-02-10 00:57:52,IndiGo,88
2026-02-09 19:00:00,2026-02-09 20:31:44,IndiGo,256
2026-02-09 13:43:00,2026-02-09 16:12:52,GoAir,52
2026-02-09 16:52:00,2026-02-09 19:08:37,AirAsia India,142
2026-02-09 07:14:00,2026-02-09 09:10:34,British Airways,179
2026-02-09 20:35:00,2026-02-09 22:14:21,British Airways,164
2026-02-09 08:04:00,2026-02-09 10:20:14,Singapore Airlines,118
2026-02-09 21:19:00,2026-02-09 23:36:54,IndiGo,139
2026-02-09 07:02:00,2026-02-09 08:38:31,Singapore Airlines,125
2026-02-09 07:15:00,2026-02-09 10:01:28,SpiceJet,120
2026-02-09 11:23:00,2026-02-09 13:43:27,Lufthansa,192
2026-02-09 11:47:00,2026-02-09 14:14:11,Emirates,167
2026-02-09 17:53:00,2026-02-09 19:51:43,Emirates,115
2026-02-09 22:17:00,2026-02-09 23:20:55,AirAsia India,194
2026-02-09 08:28:00,2026-02-09 11:22:03,AirAsia India,165
2026-02-09 06:43:00,2026-02-09 08:27:04,AirAsia India,190
2026-02-09 06:17:00,2026-02-09 07:39:46,IndiGo,181
2026-02-09 22:52:00,2026-02-10 00:46:33,Vistara,108
2026-02-09 17:38:00,2026-02-09 20:34:31,Air India,121
2026-02-09 19:15:00,2026-02-09 22:13:39,British Airways,187
2026-02-09 08:53:00,2026-02-09 11:24:49,Vistara,180
2026-02-10 08:55:00,2026-02-10 10:22:57,SpiceJet,148
2026-02-10 19:38:00,2026-02-10 20:38:20,SpiceJet,155
2026-02-10 23:34:00,2026-02-11 01:04:04,SpiceJet,213
2026-02-10 07:55:00,2026-02-10 08:58:05,Air India,120
2026-02-10 10:50:00,2026-02-10 12:18:33,AirAsia India,177
2026-02-10 01:16:00,2026-02-10 02:22:17,Emirates,139
2026-02-10 15:47:00,2026-02-10 16:54:37,Singapore Airlines,139
2026-02-10 19:32:00,2026-02-10 21:43:14,Singapore Airlines,204
2026-02-10 14:39:00,2026-02-10 15:44:12,Lufthansa,191
2026-02-10 09:41:00,2026-02-10 12:36:40,Air India,190
2026-02-10 23:54:00,2026-02-11 01:42:11,IndiGo,215
2026-02-10 14:58:00,2026-02-10 16:51:13,IndiGo,151
2026-02-10 09:09:00,2026-02-10 10:16:52,GoAir,184
2026-02-10 17:37:00,2026-02-10 19:42:48,AirAsia India,134
2026-02-10 10:38:00,2026-02-10 12:41:40,Singapore Airlines,166
2026-02-10 14:27:00,2026-02-10 15:38:54,IndiGo,143
2026-02-10 20:41:00,2026-02-10 23:26:19,Lufthansa,154
2026-02-10 18:13:00,2026-02-10 20:04:36,Vistara,179
2026-02-10 11:52:00,2026-02-10 13:46:25,Emirates,109
2026-02-10 18:20:00,2026-02-10 20:11:12,GoAir,254
2026-02-10 10:09:00,2026-02-10 12:31:25,Singapore Airlines,99
2026-02-10 06:53:00,2026-02-10 08:03:14,Emirates,89
2026-02-10 06:47:00,2026-02-10 08:31:43,SpiceJet,207
2026-02-10 16:37:00,2026-02-10 19:31:47,Lufthansa,189
2026-02-10 09:07:00,2026-02-10 10:56:17,Emirates,181
2026-02-10 20:46:00,2026-02-10 21:52:10,GoAir,181
2026-02-10 17:22:00,2026-02-10 18:34:25,Lufthansa,149
2026-02-10 08:42:00,2026-02-10 10:39:51,IndiGo,105
2026-02-10 10:35:00,2026-02-10 12:19:06,GoAir,153
2026-02-10 16:51:00,2026-02-10 18:42:29,Lufthansa,116
2026-02-10 22:52:00,2026-02-11 01:06:36,Lufthansa,198
2026-02-10 03:59:00,2026-02-10 06:17:56,GoAir,142
2026-02-10 03:17:00,2026-02-10 05:41:19,GoAir,108
2026-02-10 21:22:00,2026-02-10 22:22:43,SpiceJet,133
2026-02-10 16:25:00,2026-02-10 17:33:21,Air India,170
2026-02-10 06:33:00,2026-02-10 07:58:48,Emirates,121
2026-02-10 12:10:00,2026-02-10 13:54:24,AirAsia India,108
2026-02-10 19:36:00,2026-02-10 21:47:32,Air India,162
2026-02-11 07:39:00,2026-02-11 08:44:58,IndiGo,162
2026-02-11 09:42:00,2026-02-11 11:32:52,British Airways,124
2026-02-11 12:17:00,2026-02-11 13:42:52,Lufthansa,126
2026-02-11 07:27:00,2026-02-11 08:40:18,British Airways,161
2026-02-11 14:42:00,2026-02-11 16:19:00,Vistara,77
2026-02-11 11:38:00,2026-02-11 12:44:34,Vistara,79
2026-02-11 09:13:00,2026-02-11 11:45:04,GoAir,114
2026-02-11 09:07:00,2026-02-11 10:07:55,Emirates,139
2026-02-11 07:24:00,2026-02-11 09:27:54,Vistara,165
2026-02-11 14:53:00,2026-02-11 17:13:09,AirAsia India,223
2026-02-11 06:55:00,2026-02-11 09:24:02,Emirates,192
2026-02-11 01:58:00,2026-02-11 03:07:20,AirAsia India,142
2026-02-11 16:36:00,2026-02-11 18:24:31,Emirates,149
2026-02-11 09:25:00,2026-02-11 10:27:30,AirAsia India,99
2026-02-11 07:39:00,2026-02-11 09:34:12,AirAsia India,149
2026-02-11 06:54:00,2026-02-11 08:06:42,Emirates,135
2026-02-11 16:33:00,2026-02-11 17:42:26,GoAir,166
2026-02-11 18:14:00,2026-02-11 19:53:58,SpiceJet,108
2026-02-11 06:40:00,2026-02-11 07:53:40,Lufthansa,175
2026-02-11 08:49:00,2026-02-11 10:30:55,SpiceJet,226
2026-02-11 08:09:00,2026-02-11 09:39:42,SpiceJet,144
2026-02-11 17:48:00,2026-02-11 20:19:05,IndiGo,170
2026-02-11 07:49:00,2026-02-11 10:04:21,Singapore Airlines,184
2026-02-11 19:48:00,2026-02-11 21:57:32,British Airways,129
2026-02-12 17:39:00,2026-02-12 19:17:47,AirAsia India,161
2026-02-12 07:04:00,2026-02-12 09:00:16,GoAir,150
2026-02-12 19:37:00,2026-02-12 20:43:44,Lufthansa,154
2026-02-12 06:29:00,2026-02-12 08:23:13,Air India,111
2026-02-12 10:18:00,2026-02-12 11:27:12,IndiGo,151
2026-02-12 17:32:00,2026-02-12 19:18:08,British Airways,174
2026-02-12 16:50:00,2026-02-12 19:18:40,Air India,222
2026-02-12 12:51:00,2026-02-12 14:59:35,Vistara,197
2026-02-12 09:30:00,2026-02-12 11:30:09,Air India,257
2026-02-12 12:51:00,2026-02-12 15:38:53,AirAsia India,111
2026-02-12 23:05:00,2026-02-13 01:05:32,SpiceJet,193
2026-02-12 05:45:00,2026-02-12 07:37:31,Singapore Airlines,159
2026-02-12 15:39:00,2026-02-12 16:58:02,AirAsia India,259
2026-02-12 21:24:00,2026-02-12 23:13:03,AirAsia India,109
2026-02-12 18:03:00,2026-02-12 20:37:42,AirAsia India,108
2026-02-12 06:06:00,2026-02-12 08:12:57,Emirates,120
2026-02-12 09:46:00,2026-02-12 12:28:11,British Airways,43
2026-02-12 20:21:00,2026-02-12 21:30:46,SpiceJet,123
2026-02-12 21:19:00,2026-02-13 00:15:07,Emirates,112
2026-02-12 07:45:00,2026-02-12 10:37:33,GoAir,157
2026-02-12 16:41:00,2026-02-12 19:15:59,SpiceJet,167
2026-02-12 18:53:00,2026-02-12 21:46:39,Lufthansa,243
2026-02-12 06:42:00,2026-02-12 08:32:48,AirAsia India,197
2026-02-12 01:19:00,2026-02-12 02:40:37,Vistara,121
2026-02-12 10:49:00,2026-02-12 12:47:21,Vistara,105
2026-02-12 23:09:00,2026-02-13 00:18:15,IndiGo,174
2026-02-12 14:34:00,2026-02-12 17:14:12,Lufthansa,83
2026-02-12 05:21:00,2026-02-12 08:06:10,British Airways,241
2026-02-12 07:24:00,2026-02-12 08:42:30,SpiceJet,208
2026-02-12 20:49:00,2026-02-12 23:03:58,SpiceJet,126
2026-02-12 18:02:00,2026-02-12 19:51:18,Vistara,64
2026-02-12 22:39:00,2026-02-13 00:13:11,Singapore Airlines,217
2026-02-12 08:15:00,2026-02-12 09:52:08,Singapore Airlines,144
2026-02-12 21:12:00,2026-02-12 22:56:08,British Airways,211
2026-02-12 23:29:00,2026-02-13 02:01:19,Emirates,70
2026-02-12 14:26:00,2026-02-12 17:21:57,Vistara,120
2026-02-12 19:08:00,2026-02-12 21:52:45,Air India,150
2026-02-12 17:55:00,2026-02-12 19:39:32,IndiGo,152
2026-02-12 18:33:00,2026-02-12 21:15:08,GoAir,127
2026-02-12 06:10:00,2026-02-12 07:42:44,Lufthansa,181
2026-02-13 20:05:00,2026-02-13 22:58:34,Vistara,96
2026-02-13 19:56:00,2026-02-13 21:37:57,Air India,142
2026-02-13 11:25:00,2026-02-13 13:25:14,Vistara,156
2026-02-13 10:05:00,2026-02-13 11:49:59,Air India,175
2026-02-13 09:06:00,2026-02-13 11:46:42,AirAsia India,185
2026-02-13 19:08:00,2026-02-13 20:12:35,Singapore Airlines,93
2026-02-13 18:08:00,2026-02-13 20:39:03,Singapore Airlines,73
2026-02-13 12:00:00,2026-02-13 14:48:42,Air India,213
2026-02-13 08:53:00,2026-02-13 10:10:56,British Airways,166
2026-02-13 15:07:00,2026-02-13 17:40:08,Vistara,112
2026-02-13 09:03:00,2026-02-13 10:31:36,British Airways,227
2026-02-13 13:07:00,2026-02-13 15:47:24,Singapore Airlines,155
2026-02-13 17:01:00,2026-02-13 19:16:50,British Airways,208
2026-02-13 08:09:00,2026-02-13 09:43:57,Air India,153
2026-02-13 17:15:00,2026-02-13 19:23:28,SpiceJet,253
2026-02-13 17:05:00,2026-02-13 19:07:49,AirAsia India,237
2026-02-13 06:33:00,2026-02-13 08:38:17,Lufthansa,137
2026-02-13 16:24:00,2026-02-13 19:08:47,Air India,198
2026-02-13 17:23:00,2026-02-13 18:53:26,Air India,182
2026-02-13 10:04:00,2026-02-13 11:45:22,IndiGo,218
2026-02-13 19:47:00,2026-02-13 22:17:48,SpiceJet,101
2026-02-13 05:34:00,2026-02-13 07:14:37,SpiceJet,184
2026-02-13 20:43:00,2026-02-13 22:38:45,Singapore Airlines,202
2026-02-13 17:51:00,2026-02-13 19:07:10,Singapore Airlines,62
2026-02-14 09:02:00,2026-02-14 11:36:55,Air India,90
2026-02-14 09:19:00,2026-02-14 11:20:50,Lufthansa,48
2026-02-14 13:02:00,2026-02-14 15:32:23,Vistara,136
2026-02-14 09:55:00,2026-02-14 12:28:42,AirAsia India,185
2026-02-14 09:51:00,2026-02-14 11:35:09,Emirates,225
2026-02-14 18:57:00,2026-02-14 21:51:46,AirAsia India,153
2026-02-14 22:31:00,2026-02-15 00:54:02,AirAsia India,231
2026-02-14 21:33:00,2026-02-14 23:05:00,IndiGo,80
2026-02-14 18:05:00,2026-02-14 19:56:40,SpiceJet,64
2026-02-14 16:20:00,2026-02-14 17:32:18,AirAsia India,147
2026-02-14 17:19:00,2026-02-14 19:12:30,Emirates,169
2026-02-14 07:28:00,2026-02-14 09:10:11,Air India,148
2026-02-14 18:58:00,2026-02-14 20:40:18,Emirates,46
2026-02-14 09:50:00,2026-02-14 12:43:44,IndiGo,145
2026-02-14 18:25:00,2026-02-14 20:08:35,SpiceJet,84
2026-02-14 22:09:00,2026-02-15 00:50:50,Singapore Airlines,183
2026-02-14 04:04:00,2026-02-14 05:32:19,AirAsia India,168
2026-02-14 10:36:00,2026-02-14 11:39:53,SpiceJet,103
2026-02-14 18:23:00,2026-02-14 20:07:38,IndiGo,124
2026-02-14 16:33:00,2026-02-14 18:17:02,AirAsia India,97
2026-02-14 17:15:00,2026-02-14 20:10:15,Air India,146
2026-02-14 18:31:00,2026-02-14 20:33:07,Lufthansa,197
2026-02-14 07:49:00,2026-02-14 09:20:14,Singapore Airlines,100
2026-02-14 08:39:00,2026-02-14 10:13:16,Singapore Airlines,175
2026-02-14 08:08:00,2026-02-14 10:50:20,Singapore Airlines,123
2026-02-14 07:45:00,2026-02-14 09:38:24,IndiGo,110
2026-02-14 19:54:00,2026-02-14 22:52:23,AirAsia India,144
2026-02-14 18:35:00,2026-02-14 20:40:03,GoAir,98
2026-02-14 20:45:00,2026-02-14 23:10:08,SpiceJet,122
2026-02-14 19:32:00,2026-02-14 20:58:54,Vistara,90
2026-02-14 19:15:00,2026-02-14 21:49:50,Air India,248
2026-02-15 16:23:00,2026-02-15 18:19:05,Lufthansa,151
2026-02-15 07:56:00,2026-02-15 09:06:20,GoAir,115
2026-02-15 11:45:00,2026-02-15 14:11:15,Lufthansa,160
2026-02-15 11:26:00,2026-02-15 14:04:48,IndiGo,144
2026-02-15 07:20:00,2026-02-15 09:37:04,Singapore Airlines,138
2026-02-15 13:33:00,2026-02-15 15:14:20,Lufthansa,180
2026-02-15 17:11:00,2026-02-15 19:43:08,SpiceJet,187
2026-02-15 12:58:00,2026-02-15 15:42:11,IndiGo,123
2026-02-15 15:19:00,2026-02-15 16:38:45,AirAsia India,121
2026-02-15 21:14:00,2026-02-15 22:55:31,Lufthansa,136
2026-02-15 21:54:00,2026-02-15 23:03:27,Vistara,34
2026-02-15 17:35:00,2026-02-15 19:07:56,GoAir,74
2026-02-15 17:05:00,2026-02-15 19:05:18,SpiceJet,218
2026-02-15 16:37:00,2026-02-15 17:55:30,British Airways,232
2026-02-15 18:38:00,2026-02-15 20:18:30,British Airways,137
2026-02-15 05:55:00,2026-02-15 06:58:24,Air India,178
2026-02-15 22:49:00,2026-02-16 00:58:12,Vistara,165
2026-02-15 19:26:00,2026-02-15 21:40:10,Air India,303
2026-02-15 14:40:00,2026-02-15 16:45:28,GoAir,205
2026-02-15 14:51:00,2026-02-15 17:27:52,Emirates,143
2026-02-15 09:04:00,2026-02-15 11:26:38,SpiceJet,102
2026-02-15 12:30:00,2026-02-15 14:25:43,AirAsia India,69
2026-02-15 17:20:00,2026-02-15 20:03:22,AirAsia India,160
2026-02-15 18:55:00,2026-02-15 20:36:26,Emirates,112
2026-02-15 07:23:00,2026-02-15 09:24:47,IndiGo,78
2026-02-15 09:29:00,2026-02-15 10:43:42,Singapore Airlines,117
2026-02-15 08:06:00,2026-02-15 09:12:04,Emirates,95
2026-02-15 20:26:00,2026-02-15 21:55:47,SpiceJet,234
2026-02-15 19:59:00,2026-02-15 22:08:19,AirAsia India,194
2026-02-15 08:10:00,2026-02-15 10:09:47,Lufthansa,149
2026-02-15 13:56:00,2026-02-15 15:33:01,Air India,223
2026-02-15 06:25:00,2026-02-15 08:25:39,Vistara,153
2026-02-15 08:22:00,2026-02-15 09:27:50,GoAir,106
2026-02-15 14:56:00,2026-02-15 17:37:08,Singapore Airlines,226
2026-02-15 09:00:00,2026-02-15 11:41:39,Emirates,176
2026-02-15 07:16:00,2026-02-15 09:43:18,Emirates,98
2026-02-15 10:25:00,2026-02-15 11:31:08,Lufthansa,140
2026-02-15 08:35:00,2026-02-15 10:09:37,Emirates,106
2026-02-15 14:48:00,2026-02-15 16:53:58,British Airways,80
2026-02-15 18:07:00,2026-02-15 19:22:26,IndiGo,196
2026-02-15 11:50:00,2026-02-15 14:48:24,Lufthansa,245
2026-02-16 19:12:00,2026-02-16 21:24:17,Emirates,80
2026-02-16 14:02:00,2026-02-16 15:06:40,AirAsia India,178
2026-02-16 19:33:00,2026-02-16 21:27:50,British Airways,117
2026-02-16 21:08:00,2026-02-16 22:47:21,British Airways,125
2026-02-16 09:25:00,2026-02-16 12:23:52,GoAir,120
2026-02-16 16:32:00,2026-02-16 19:11:23,Lufthansa,106
2026-02-16 14:36:00,2026-02-16 16:11:58,Air India,152
2026-02-16 10:43:00,2026-02-16 11:56:09,Emirates,108
2026-02-16 16:50:00,2026-02-16 19:37:51,Air India,163
2026-02-16 17:16:00,2026-02-16 20:12:02,British Airways,147
2026-02-16 16:46:00,2026-02-16 17:52:09,Singapore Airlines,138
2026-02-16 07:40:00,2026-02-16 10:06:32,Emirates,104
2026-02-16 07:43:00,2026-02-16 09:12:03,British Airways,121
2026-02-16 22:07:00,2026-02-16 23:29:53,Singapore Airlines,187
2026-02-16 09:09:00,2026-02-16 10:58:33,Vistara,175
2026-02-16 11:49:00,2026-02-16 14:02:22,Singapore Airlines,101
2026-02-16 20:47:00,2026-02-16 23:14:17,SpiceJet,154
2026-02-16 15:35:00,2026-02-16 17:14:00,Singapore Airlines,187
2026-02-16 15:20:00,2026-02-16 18:14:48,Singapore Airlines,66
2026-02-16 21:21:00,2026-02-16 23:26:33,GoAir,177
2026-02-16 17:12:00,2026-02-16 20:06:52,GoAir,116
2026-02-16 16:14:00,2026-02-16 19:06:58,GoAir,178
2026-02-16 19:45:00,2026-02-16 21:09:52,Singapore Airlines,111
2026-02-16 09:22:00,2026-02-16 11:29:15,GoAir,59
2026-02-16 09:36:00,2026-02-16 11:57:11,Emirates,68
2026-02-16 21:25:00,2026-02-17 00:03:12,SpiceJet,152
2026-02-16 09:18:00,2026-02-16 12:12:38,IndiGo,162
2026-02-16 10:28:00,2026-02-16 12:46:42,Singapore Airlines,104
2026-02-16 08:52:00,2026-02-16 10:56:37,Lufthansa,181
2026-02-16 18:08:00,2026-02-16 19:21:06,British Airways,66
2026-02-16 08:03:00,2026-02-16 10:23:22,Lufthansa,146
2026-02-17 17:03:00,2026-02-17 18:15:01,AirAsia India,89
2026-02-17 18:06:00,2026-02-17 20:27:44,SpiceJet,117
2026-02-17 00:35:00,2026-02-17 03:32:20,SpiceJet,152
2026-02-17 11:59:00,2026-02-17 14:44:40,Singapore Airlines,106
2026-02-17 13:12:00,2026-02-17 15:42:42,GoAir,130
2026-02-17 09:41:00,2026-02-17 10:48:05,IndiGo,200
2026-02-17 17:14:00,2026-02-17 19:18:13,Air India,121
2026-02-17 21:11:00,2026-02-17 23:01:08,SpiceJet,191
2026-02-17 21:02:00,2026-02-18 00:01:39,Emirates,93
2026-02-17 19:11:00,2026-02-17 22:03:23,GoAir,176
2026-02-17 20:00:00,2026-02-17 21:35:48,British Airways,222
2026-02-17 07:21:00,2026-02-17 08:55:08,Lufthansa,30
2026-02-17 15:56:00,2026-02-17 18:48:37,Lufthansa,110
2026-02-17 13:12:00,2026-02-17 15:49:03,AirAsia India,178
2026-02-17 07:29:00,2026-02-17 09:46:47,SpiceJet,139
2026-02-17 01:21:00,2026-02-17 03:55:53,British Airways,168
2026-02-17 18:12:00,2026-02-17 19:33:03,Emirates,119
2026-02-17 19:32:00,2026-02-17 21:11:21,Emirates,154
2026-02-17 18:11:00,2026-02-17 21:08:48,Singapore Airlines,142
2026-02-17 09:15:00,2026-02-17 10:15:49,Emirates,208
2026-02-17 08:48:00,2026-02-17 10:20:02,AirAsia India,162
2026-02-17 09:46:00,2026-02-17 11:54:44,GoAir,166
2026-02-17 17:44:00,2026-02-17 19:12:21,IndiGo,129
2026-02-17 13:10:00,2026-02-17 14:58:38,Lufthansa,125
2026-02-17 21:56:00,2026-02-18 00:20:25,GoAir,128
2026-02-17 18:40:00,2026-02-17 21:29:56,GoAir,169
2026-02-17 10:14:00,2026-02-17 11:40:17,SpiceJet,128
2026-02-18 07:47:00,2026-02-18 10:45:39,AirAsia India,164
2026-02-18 11:35:00,2026-02-18 14:24:32,Lufthansa,253
2026-02-18 19:52:00,2026-02-18 21:18:12,Vistara,193
2026-02-18 18:38:00,2026-02-18 21:22:46,IndiGo,133
2026-02-18 15:33:00,2026-02-18 17:57:27,IndiGo,210
2026-02-18 21:07:00,2026-02-18 22:14:24,Lufthansa,129
2026-02-18 21:12:00,2026-02-18 23:20:43,SpiceJet,48
2026-02-18 07:54:00,2026-02-18 09:56:26,IndiGo,99
2026-02-18 18:45:00,2026-02-18 20:54:58,IndiGo,56
2026-02-18 21:28:00,2026-02-19 00:05:02,Singapore Airlines,132
2026-02-18 07:26:00,2026-02-18 09:20:48,Air India,150
2026-02-18 16:43:00,2026-02-18 19:19:49,Air India,233
2026-02-18 11:52:00,2026-02-18 12:52:21,Vistara,166
2026-02-18 16:02:00,2026-02-18 17:52:50,IndiGo,139
2026-02-18 15:03:00,2026-02-18 17:55:08,IndiGo,191
2026-02-18 23:30:00,2026-02-19 00:33:48,Emirates,39
2026-02-18 08:08:00,2026-02-18 10:39:53,Emirates,161
2026-02-18 10:57:00,2026-02-18 12:42:53,Emirates,188
2026-02-18 10:43:00,2026-02-18 13:38:41,Lufthansa,76
2026-02-18 07:55:00,2026-02-18 09:36:43,SpiceJet,207
2026-02-18 23:25:00,2026-02-19 01:28:27,Vistara,166
2026-02-18 20:48:00,2026-02-18 21:50:43,GoAir,129
2026-02-18 13:46:00,2026-02-18 15:51:20,Lufthansa,181
2026-02-18 10:14:00,2026-02-18 11:43:42,AirAsia India,263
2026-02-18 07:12:00,2026-02-18 10:04:29,IndiGo,159
2026-02-18 04:42:00,2026-02-18 06:32:18,Air India,162
2026-02-18 08:04:00,2026-02-18 09:16:06,Air India,127
2026-02-18 12:43:00,2026-02-18 15:07:23,Air India,107
2026-02-18 08:02:00,2026-02-18 09:50:16,Vistara,191
2026-02-18 15:48:00,2026-02-18 18:31:38,Air India,107
2026-02-18 07:18:00,2026-02-18 08:46:05,British Airways,153
2026-02-18 09:38:00,2026-02-18 12:10:42,AirAsia India,126
2026-02-18 08:56:00,2026-02-18 10:13:11,Lufthansa,173
2026-02-18 08:19:00,2026-02-18 09:52:01,Lufthansa,166
2026-02-18 22:56:00,2026-02-19 01:24:13,SpiceJet,201
2026-02-19 18:35:00,2026-02-19 20:34:28,AirAsia India,124
2026-02-19 22:42:00,2026-02-20 00:27:44,Lufthansa,136
2026-02-19 09:26:00,2026-02-19 11:14:59,GoAir,101
2026-02-19 10:48:00,2026-02-19 12:52:33,Vistara,127
2026-02-19 20:19:00,2026-02-19 23:01:54,SpiceJet,168
2026-02-19 19:58:00,2026-02-19 21:04:54,Emirates,187
2026-02-19 22:35:00,2026-02-20 00:38:35,Emirates,103
2026-02-19 08:13:00,2026-02-19 09:52:37,IndiGo,193
2026-02-19 21:54:00,2026-02-19 23:38:31,Lufthansa,217
2026-02-19 18:12:00,2026-02-19 19:18:11,Emirates,170
2026-02-19 18:38:00,2026-02-19 19:42:44,IndiGo,243
2026-02-19 08:48:00,2026-02-19 10:58:30,Lufthansa,111
2026-02-19 08:13:00,2026-02-19 10:57:20,AirAsia India,87
2026-02-19 09:58:00,2026-02-19 10:59:50,Vistara,61
2026-02-19 22:07:00,2026-02-20 00:36:37,Singapore Airlines,224
2026-02-19 21:44:00,2026-02-19 23:56:31,Vistara,182
2026-02-19 11:15:00,2026-02-19 13:21:14,GoAir,147
2026-02-19 10:34:00,2026-02-19 12:51:50,GoAir,163
2026-02-19 08:32:00,2026-02-19 11:17:56,Singapore Airlines,93
2026-02-19 06:46:00,2026-02-19 08:42:20,AirAsia India,272
2026-02-19 21:23:00,2026-02-19 23:00:33,Air India,156
2026-02-19 16:14:00,2026-02-19 18:42:57,Air India,155
2026-02-19 08:59:00,2026-02-19 11:09:05,Emirates,186
2026-02-19 09:12:00,2026-02-19 10:51:35,Emirates,174
2026-02-19 16:15:00,2026-02-19 18:14:54,AirAsia India,161
2026-02-19 08:52:00,2026-02-19 10:50:38,Singapore Airlines,110
2026-02-19 13:46:00,2026-02-19 16:21:23,SpiceJet,173
2026-02-19 07:34:00,2026-02-19 09:32:35,Lufthansa,244
2026-02-19 23:03:00,2026-02-20 01:05:52,IndiGo,217
2026-02-19 22:42:00,2026-02-19 23:47:49,Air India,229
2026-02-19 11:53:00,2026-02-19 14:08:41,IndiGo,124
2026-02-19 18:00:00,2026-02-19 19:26:14,Singapore Airlines,100
2026-02-19 10:39:00,2026-02-19 12:55:31,British Airways,143
2026-02-19 21:42:00,2026-02-19 23:40:32,Air India,152
2026-02-19 15:26:00,2026-02-19 16:27:25,Lufthansa,204
2026-02-19 18:34:00,2026-02-19 21:31:17,Air India,65
2026-02-19 14:44:00,2026-02-19 17:04:53,SpiceJet,226
2026-02-19 07:06:00,2026-02-19 09:08:55,Vistara,142
2026-02-19 08:33:00,2026-02-19 10:03:17,AirAsia India,128
2026-02-19 09:25:00,2026-02-19 10:34:28,Emirates,99
2026-02-20 16:44:00,2026-02-20 18:11:06,IndiGo,67
2026-02-20 17:54:00,2026-02-20 20:11:59,Air India,191
2026-02-20 06:24:00,2026-02-20 08:09:15,Singapore Airlines,153
2026-02-20 05:00:00,2026-02-20 07:24:20,IndiGo,85
2026-02-20 14:27:00,2026-02-20 16:44:23,AirAsia India,85
2026-02-20 16:54:00,2026-02-20 19:50:51,Lufthansa,133
2026-02-20 21:14:00,2026-02-20 22:39:22,British Airways,233
2026-02-20 13:02:00,2026-02-20 15:52:53,GoAir,137
2026-02-20 21:36:00,2026-02-20 23:54:58,SpiceJet,74
2026-02-20 21:20:00,2026-02-20 22:21:52,Vistara,137
2026-02-20 16:48:00,2026-02-20 19:26:28,Emirates,136
2026-02-20 21:19:00,2026-02-20 22:38:29,Vistara,30
2026-02-20 16:54:00,2026-02-20 18:40:41,Lufthansa,147
2026-02-20 09:48:00,2026-02-20 12:16:46,IndiGo,138
2026-02-20 14:22:00,2026-02-20 15:28:26,Emirates,184
2026-02-20 08:04:00,2026-02-20 09:44:52,British Airways,242
2026-02-20 22:25:00,2026-02-21 01:21:16,AirAsia India,206
2026-02-20 04:17:00,2026-02-20 06:51:01,Singapore Airlines,136
2026-02-20 14:22:00,2026-02-20 16:28:21,Emirates,94
2026-02-20 12:43:00,2026-02-20 14:53:18,Emirates,278
2026-02-20 06:39:00,2026-02-20 08:14:26,Vistara,152
2026-02-20 18:05:00,2026-02-20 19:37:09,Emirates,150
2026-02-20 18:40:00,2026-02-20 19:58:30,Emirates,148
2026-02-20 09:06:00,2026-02-20 10:16:58,GoAir,159
2026-02-20 12:48:00,2026-02-20 14:20:22,SpiceJet,142
2026-02-20 06:27:00,2026-02-20 08:20:51,Lufthansa,121
2026-02-20 15:06:00,2026-02-20 16:09:09,AirAsia India,122
2026-02-20 16:38:00,2026-02-20 18:49:45,AirAsia India,148
2026-02-20 20:00:00,2026-02-20 21:35:01,Emirates,122
2026-02-20 19:46:00,2026-02-20 22:34:08,Vistara,114
2026-02-20 16:10:00,2026-02-20 18:32:14,SpiceJet,155
2026-02-20 07:19:00,2026-02-20 08:51:12,SpiceJet,137
2026-02-20 06:27:00,2026-02-20 08:00:06,GoAir,225
2026-02-20 14:04:00,2026-02-20 15:47:20,Vistara,30
2026-02-21 14:39:00,2026-02-21 16:02:27,IndiGo,204
2026-02-21 07:00:00,2026-02-21 09:53:51,AirAsia India,212
2026-02-21 20:24:00,2026-02-21 23:00:29,AirAsia India,46
2026-02-21 12:27:00,2026-02-21 15:04:51,British Airways,132
2026-02-21 07:20:00,2026-02-21 09:32:23,Vistara,131
2026-02-21 13:11:00,2026-02-21 16:06:44,AirAsia India,79
2026-02-21 09:44:00,2026-02-21 11:59:56,British Airways,111
2026-02-21 19:20:00,2026-02-21 21:05:07,Emirates,94
2026-02-21 10:59:00,2026-02-21 13:06:39,British Airways,237
2026-02-21 23:11:00,2026-02-22 01:32:48,Lufthansa,196
2026-02-21 03:46:00,2026-02-21 05:41:23,Vistara,213
2026-02-21 12:18:00,2026-02-21 14:57:45,IndiGo,186
2026-02-21 19:50:00,2026-02-21 22:25:24,Singapore Airlines,93
2026-02-21 07:19:00,2026-02-21 08:48:02,SpiceJet,123
2026-02-21 18:50:00,2026-02-21 20:35:14,Singapore Airlines,174
2026-02-21 23:30:00,2026-02-22 01:39:52,Lufthansa,88
2026-02-21 14:58:00,2026-02-21 17:42:21,Emirates,185
2026-02-21 15:50:00,2026-02-21 18:46:12,Lufthansa,137
2026-02-21 16:58:00,2026-02-21 18:08:11,Vistara,131
2026-02-21 17:22:00,2026-02-21 18:41:57,British Airways,185
2026-02-21 05:41:00,2026-02-21 08:02:17,Emirates,172
2026-02-21 22:21:00,2026-02-22 01:16:53,Emirates,131
2026-02-21 07:06:00,2026-02-21 08:37:02,Lufthansa,207
2026-02-21 18:35:00,2026-02-21 20:44:39,British Airways,95
2026-02-21 08:23:00,2026-02-21 10:09:56,British Airways,180
2026-02-21 18:09:00,2026-02-21 19:50:23,Air India,179
2026-02-21 14:18:00,2026-02-21 16:07:55,IndiGo,134
2026-02-21 07:46:00,2026-02-21 09:03:00,GoAir,166
2026-02-21 10:50:00,2026-02-21 12:14:49,Singapore Airlines,87
2026-02-21 10:06:00,2026-02-21 11:58:34,Singapore Airlines,196
2026-02-21 09:19:00,2026-02-21 10:24:21,IndiGo,140
2026-02-21 02:21:00,2026-02-21 04:38:45,SpiceJet,123
2026-02-21 21:47:00,2026-02-21 23:16:16,SpiceJet,202
2026-02-21 16:21:00,2026-02-21 18:28:10,Singapore Airlines,114
2026-02-21 08:25:00,2026-02-21 10:40:34,SpiceJet,79
2026-02-21 17:27:00,2026-02-21 19:14:28,British Airways,72
2026-02-21 20:28:00,2026-02-21 22:39:03,Emirates,180
2026-02-21 00:13:00,2026-02-21 01:37:41,IndiGo,85
2026-02-21 16:51:00,2026-02-21 19:35:38,SpiceJet,237
2026-02-21 10:12:00,2026-02-21 12:06:54,GoAir,45
2026-02-21 18:31:00,2026-02-21 20:34:19,AirAsia India,234
2026-02-21 17:39:00,2026-02-21 19:26:06,IndiGo,160
2026-02-21 10:54:00,2026-02-21 12:48:56,SpiceJet,145
2026-02-21 19:45:00,2026-02-21 22:21:04,British Airways,122
2026-02-21 16:43:00,2026-02-21 17:59:04,IndiGo,169
2026-02-21 08:07:00,2026-02-21 09:28:57,SpiceJet,148
2026-02-21 15:26:00,2026-02-21 17:37:34,British Airways,205
2026-02-21 10:11:00,2026-02-21 12:09:24,Lufthansa,155
2026-02-21 18:41:00,2026-02-21 21:32:41,SpiceJet,157
2026-02-21 16:31:00,2026-02-21 18:05:39,SpiceJet,131
2026-02-22 20:39:00,2026-02-22 21:45:26,AirAsia India,147
2026-02-22 22:31:00,2026-02-22 23:47:23,Emirates,165
2026-02-22 22:32:00,2026-02-23 00:50:22,Emirates,64
2026-02-22 18:26:00,2026-02-22 20:51:13,Singapore Airlines,82
2026-02-22 14:05:00,2026-02-22 16:12:50,Vistara,187
2026-02-22 09:17:00,2026-02-22 10:43:58,GoAir,158
2026-02-22 07:29:00,2026-02-22 09:36:52,Singapore Airlines,140
2026-02-22 16:07:00,2026-02-22 18:15:43,GoAir,150
2026-02-22 19:52:00,2026-02-22 22:50:54,Lufthansa,167
2026-02-22 19:02:00,2026-02-22 21:33:12,Singapore Airlines,123
2026-02-22 16:27:00,2026-02-22 17:39:17,Vistara,111
2026-02-22 09:02:00,2026-02-22 10:55:58,AirAsia India,159
2026-02-22 20:05:00,2026-02-22 21:57:41,IndiGo,101
2026-02-22 19:15:00,2026-02-22 20:40:11,British Airways,170
2026-02-22 18:55:00,2026-02-22 21:20:17,Emirates,64
2026-02-22 07:08:00,2026-02-22 09:42:10,Vistara,201
2026-02-22 19:36:00,2026-02-22 21:18:05,GoAir,173
2026-02-22 17:10:00,2026-02-22 18:48:50,GoAir,162
2026-02-22 09:17:00,2026-02-22 12:11:17,Lufthansa,199
2026-02-22 23:43:00,2026-02-23 02:20:49,SpiceJet,233
2026-02-22 22:50:00,2026-02-23 00:39:23,Air India,200
2026-02-22 23:55:00,2026-02-23 02:13:42,SpiceJet,57
2026-02-22 08:45:00,2026-02-22 10:23:39,Vistara,86
2026-02-22 19:43:00,2026-02-22 21:30:07,SpiceJet,118
2026-02-22 16:17:00,2026-02-22 18:32:20,Emirates,151
2026-02-22 12:40:00,2026-02-22 15:15:21,IndiGo,175
2026-02-22 11:47:00,2026-02-22 13:20:23,AirAsia India,113
2026-02-22 13:31:00,2026-02-22 15:10:16,Air India,159
2026-02-22 20:54:00,2026-02-22 23:21:55,Singapore Airlines,112
2026-02-22 17:44:00,2026-02-22 19:26:59,IndiGo,119
2026-02-22 19:25:00,2026-02-22 20:51:08,Emirates,79
2026-02-22 19:31:00,2026-02-22 21:03:13,GoAir,103
2026-02-22 09:36:00,2026-02-22 10:51:40,Singapore Airlines,82
2026-02-22 19:57:00,2026-02-22 22:18:54,Air India,101
2026-02-22 05:40:00,2026-02-22 08:14:04,Singapore Airlines,202
2026-02-22 01:59:00,2026-02-22 04:41:55,Singapore Airlines,102
2026-02-22 13:27:00,2026-02-22 14:51:16,SpiceJet,281
2026-02-22 20:19:00,2026-02-22 21:38:04,GoAir,174
2026-02-22 06:23:00,2026-02-22 07:53:02,AirAsia India,159
2026-02-22 17:41:00,2026-02-22 19:00:51,Emirates,107
2026-02-23 09:44:00,2026-02-23 12:14:37,Emirates,185
2026-02-23 17:45:00,2026-02-23 18:56:25,Vistara,121
2026-02-23 13:08:00,2026-02-23 15:19:14,Lufthansa,156
2026-02-23 18:00:00,2026-02-23 19:00:58,AirAsia India,278
2026-02-23 19:55:00,2026-02-23 21:45:40,SpiceJet,145
2026-02-23 13:14:00,2026-02-23 14:59:58,IndiGo,207
2026-02-23 06:23:00,2026-02-23 09:08:43,SpiceJet,114
2026-02-23 10:52:00,2026-02-23 13:22:22,SpiceJet,148
2026-02-23 17:43:00,2026-02-23 19:00:08,Lufthansa,238
2026-02-23 16:39:00,2026-02-23 18:57:00,Singapore Airlines,118
2026-02-23 10:13:00,2026-02-23 12:28:22,SpiceJet,240
2026-02-23 21:39:00,2026-02-24 00:01:23,Vistara,185
2026-02-23 06:06:00,2026-02-23 07:22:48,IndiGo,121
2026-02-23 16:24:00,2026-02-23 18:06:11,Emirates,181
2026-02-23 09:08:00,2026-02-23 10:37:44,IndiGo,198
2026-02-23 08:38:00,2026-02-23 10:50:00,British Airways,181
2026-02-23 09:44:00,2026-02-23 10:47:13,GoAir,71
2026-02-23 08:38:00,2026-02-23 10:39:08,Emirates,113
2026-02-23 09:03:00,2026-02-23 11:37:03,Vistara,137
2026-02-23 14:07:00,2026-02-23 15:35:55,British Airways,146
2026-02-23 06:56:00,2026-02-23 09:53:19,AirAsia India,181
2026-02-23 21:08:00,2026-02-23 22:54:25,British Airways,158
2026-02-23 11:34:00,2026-02-23 13:55:57,Singapore Airlines,83
2026-02-23 22:49:00,2026-02-23 23:57:45,British Airways,169
2026-02-23 06:16:00,2026-02-23 07:41:53,Air India,180
2026-02-23 22:25:00,2026-02-24 00:25:47,Lufthansa,177
2026-02-23 19:27:00,2026-02-23 21:51:13,IndiGo,204
2026-02-23 17:34:00,2026-02-23 19:47:55,GoAir,191
2026-02-23 06:05:00,2026-02-23 08:06:21,Vistara,172
2026-02-23 22:09:00,2026-02-24 00:13:22,Emirates,146
2026-02-23 16:48:00,2026-02-23 19:28:08,IndiGo,66
2026-02-23 09:27:00,2026-02-23 11:54:35,Vistara,171
2026-02-23 06:05:00,2026-02-23 08:55:57,IndiGo,160
2026-02-23 12:38:00,2026-02-23 13:44:36,SpiceJet,163
2026-02-23 07:45:00,2026-02-23 09:01:27,Air India,86
2026-02-23 07:22:00,2026-02-23 09:24:45,GoAir,95
2026-02-23 07:08:00,2026-02-23 09:37:58,GoAir,202
2026-02-23 18:07:00,2026-02-23 20:39:34,Air India,148
2026-02-23 09:27:00,2026-02-23 10:59:38,IndiGo,184
2026-02-23 08:36:00,2026-02-23 10:51:18,Singapore Airlines,151
2026-02-24 15:03:00,2026-02-24 17:02:57,British Airways,151
2026-02-24 07:10:00,2026-02-24 08:40:36,IndiGo,196
2026-02-24 21:43:00,2026-02-25 00:09:44,Vistara,124
2026-02-24 18:00:00,2026-02-24 19:05:17,Air India,154
2026-02-24 08:30:00,2026-02-24 10:13:40,SpiceJet,126
2026-02-24 07:54:00,2026-02-24 08:58:14,Emirates,128
2026-02-24 08:15:00,2026-02-24 10:04:57,AirAsia India,134
2026-02-24 09:04:00,2026-02-24 11:12:35,IndiGo,161
2026-02-24 14:57:00,2026-02-24 16:03:19,Vistara,126
2026-02-24 19:02:00,2026-02-24 21:56:29,IndiGo,212
2026-02-24 20:55:00,2026-02-24 22:28:52,GoAir,105
2026-02-24 09:35:00,2026-02-24 11:29:48,AirAsia India,140
2026-02-24 08:36:00,2026-02-24 11:10:08,British Airways,128
2026-02-24 08:23:00,2026-02-24 10:34:00,Singapore Airlines,222
2026-02-24 23:49:00,2026-02-25 01:12:27,Lufthansa,159
2026-02-24 19:15:00,2026-02-24 20:33:04,Emirates,201
2026-02-24 02:34:00,2026-02-24 04:15:34,Air India,75
2026-02-24 22:00:00,2026-02-25 00:31:04,Emirates,163
2026-02-24 20:46:00,2026-02-24 22:22:54,Vistara,194
2026-02-24 15:15:00,2026-02-24 17:05:22,Air India,154
2026-02-24 22:09:00,2026-02-25 00:34:23,IndiGo,203
2026-02-24 05:14:00,2026-02-24 08:01:40,Lufthansa,124
2026-02-24 11:57:00,2026-02-24 13:41:41,IndiGo,220
2026-02-24 16:32:00,2026-02-24 17:48:01,Emirates,264
2026-02-24 06:36:00,2026-02-24 07:43:28,SpiceJet,131
2026-02-24 08:16:00,2026-02-24 10:58:06,Emirates,127
2026-02-24 18:47:00,2026-02-24 20:26:09,Singapore Airlines,222
2026-02-24 09:04:00,2026-02-24 11:57:13,SpiceJet,228
2026-02-24 19:37:00,2026-02-24 20:50:04,IndiGo,123
2026-02-24 07:29:00,2026-02-24 09:06:41,IndiGo,128
2026-02-24 15:49:00,2026-02-24 17:13:54,GoAir,135
2026-02-24 13:54:00,2026-02-24 15:08:23,SpiceJet,82
2026-02-24 19:19:00,2026-02-24 21:58:09,British Airways,104
2026-02-24 05:53:00,2026-02-24 08:35:47,SpiceJet,99
2026-02-25 18:22:00,2026-02-25 20:09:32,Air India,111
2026-02-25 18:16:00,2026-02-25 20:54:24,SpiceJet,148
2026-02-25 04:25:00,2026-02-25 07:07:33,Lufthansa,161
2026-02-25 18:15:00,2026-02-25 19:26:22,IndiGo,227
2026-02-25 19:08:00,2026-02-25 20:22:34,Air India,100
2026-02-25 20:14:00,2026-02-25 21:29:41,Emirates,199
2026-02-25 10:40:00,2026-02-25 13:32:30,IndiGo,139
2026-02-25 16:16:00,2026-02-25 19:06:05,IndiGo,147
2026-02-25 02:04:00,2026-02-25 03:27:43,Singapore Airlines,183
2026-02-25 19:05:00,2026-02-25 21:53:36,AirAsia India,93
2026-02-25 07:29:00,2026-02-25 08:35:04,British Airways,169
2026-02-25 12:46:00,2026-02-25 14:33:23,Air India,158
2026-02-25 10:27:00,2026-02-25 11:47:44,Vistara,174
2026-02-25 21:17:00,2026-02-25 22:50:34,SpiceJet,164
2026-02-25 04:39:00,2026-02-25 06:53:02,GoAir,272
2026-02-25 14:56:00,2026-02-25 17:02:04,Air India,118
2026-02-25 06:24:00,2026-02-25 07:40:28,Vistara,123
2026-02-25 17:51:00,2026-02-25 19:54:05,Lufthansa,118
2026-02-25 19:24:00,2026-02-25 21:57:49,AirAsia India,122
2026-02-25 14:50:00,2026-02-25 16:48:09,British Airways,118
2026-02-25 14:24:00,2026-02-25 15:56:27,Air India,209
2026-02-25 09:14:00,2026-02-25 10:17:30,GoAir,221
2026-02-26 19:30:00,2026-02-26 21:33:31,British Airways,121
2026-02-26 23:10:00,2026-02-27 00:22:00,Vistara,108
2026-02-26 09:52:00,2026-02-26 12:26:56,Air India,173
2026-02-26 19:14:00,2026-02-26 21:23:04,Emirates,122
2026-02-26 10:53:00,2026-02-26 13:51:59,SpiceJet,181
2026-02-26 07:37:00,2026-02-26 09:15:09,AirAsia India,160
2026-02-26 21:01:00,2026-02-26 23:25:24,AirAsia India,74
2026-02-26 22:36:00,2026-02-26 23:53:03,Vistara,227
2026-02-26 20:51:00,2026-02-26 23:36:47,Singapore Airlines,239
2026-02-26 15:11:00,2026-02-26 17:09:51,IndiGo,119
2026-02-26 05:38:00,2026-02-26 07:04:15,Lufthansa,130
2026-02-26 13:21:00,2026-02-26 16:11:08,Vistara,164
2026-02-26 19:21:00,2026-02-26 21:47:01,AirAsia India,166
2026-02-26 06:09:00,2026-02-26 08:19:23,SpiceJet,182
2026-02-26 19:54:00,2026-02-26 21:57:09,AirAsia India,250
2026-02-26 22:23:00,2026-02-27 00:47:32,Emirates,141
2026-02-26 16:21:00,2026-02-26 17:57:12,SpiceJet,110
2026-02-26 23:46:00,2026-02-27 02:39:50,Singapore Airlines,81
2026-02-26 17:11:00,2026-02-26 19:35:51,Lufthansa,113
2026-02-26 18:59:00,2026-02-26 21:12:38,AirAsia India,148
2026-02-26 08:37:00,2026-02-26 11:14:44,Emirates,239
2026-02-27 18:18:00,2026-02-27 19:33:16,Air India,124
2026-02-27 22:36:00,2026-02-28 00:22:59,British Airways,161
2026-02-27 04:38:00,2026-02-27 06:16:11,British Airways,149
2026-02-27 08:36:00,2026-02-27 09:48:29,Singapore Airlines,209
2026-02-27 07:47:00,2026-02-27 08:56:20,AirAsia India,276
2026-02-27 23:10:00,2026-02-28 01:26:20,IndiGo,123
2026-02-27 19:42:00,2026-02-27 21:58:41,AirAsia India,125
2026-02-27 12:16:00,2026-02-27 13:41:09,IndiGo,202
2026-02-27 10:50:00,2026-02-27 12:02:57,Air India,184
2026-02-27 05:28:00,2026-02-27 07:55:54,SpiceJet,242
2026-02-27 20:31:00,2026-02-27 23:16:48,AirAsia India,179
2026-02-27 16:06:00,2026-02-27 18:45:27,British Airways,132
2026-02-27 17:43:00,2026-02-27 19:10:04,Singapore Airlines,179
2026-02-27 06:54:00,2026-02-27 07:58:00,Air India,205
2026-02-27 09:06:00,2026-02-27 10:14:54,SpiceJet,191
2026-02-27 20:10:00,2026-02-27 22:37:50,Lufthansa,175
2026-02-27 22:05:00,2026-02-27 23:45:33,British Airways,203
2026-02-27 21:45:00,2026-02-27 22:48:43,SpiceJet,208
2026-02-27 17:27:00,2026-02-27 18:45:51,IndiGo,219
2026-02-27 09:12:00,2026-02-27 11:01:06,Lufthansa,182
2026-02-27 18:46:00,2026-02-27 20:50:48,GoAir,141
2026-02-27 09:06:00,2026-02-27 10:11:57,British Airways,157
2026-02-27 16:31:00,2026-02-27 17:49:25,AirAsia India,210
2026-02-27 00:05:00,2026-02-27 01:40:20,British Airways,109
2026-02-27 14:06:00,2026-02-27 15:09:05,SpiceJet,168
2026-02-27 17:05:00,2026-02-27 19:01:49,IndiGo,130
2026-02-27 09:25:00,2026-02-27 11:21:30,GoAir,151
2026-02-27 06:34:00,2026-02-27 08:20:30,AirAsia India,213
2026-02-27 20:23:00,2026-02-27 21:45:23,Air India,159
2026-02-28 12:16:00,2026-02-28 13:43:08,GoAir,152
2026-02-28 16:09:00,2026-02-28 18:39:16,IndiGo,82
2026-02-28 06:22:00,2026-02-28 08:58:58,Emirates,187
2026-02-28 22:37:00,2026-03-01 00:04:18,Air India,182
2026-02-28 20:52:00,2026-02-28 22:54:42,Lufthansa,258
2026-02-28 18:59:00,2026-02-28 20:55:58,Vistara,134
2026-02-28 13:05:00,2026-02-28 14:52:22,Air India,160
2026-02-28 14:57:00,2026-02-28 16:59:01,British Airways,162
2026-02-28 18:39:00,2026-02-28 19:56:41,Singapore Airlines,228
2026-02-28 07:10:00,2026-02-28 10:06:39,Vistara,145
2026-02-28 07:27:00,2026-02-28 08:36:24,Emirates,163
2026-02-28 08:52:00,2026-02-28 11:07:16,British Airways,180
2026-02-28 08:58:00,2026-02-28 11:25:15,IndiGo,159
2026-02-28 06:35:00,2026-02-28 08:22:40,AirAsia India,127
2026-02-28 20:33:00,2026-02-28 22:27:58,Air India,159
2026-02-28 19:39:00,2026-02-28 21:49:30,Emirates,203
2026-02-28 07:09:00,2026-02-28 08:26:47,British Airways,98
2026-02-28 16:06:00,2026-02-28 18:56:59,British Airways,156
2026-02-28 19:50:00,2026-02-28 21:24:19,Lufthansa,114
2026-02-28 20:56:00,2026-02-28 22:45:18,Emirates,209
2026-02-28 17:36:00,2026-02-28 19:49:04,Air India,73
2026-02-28 07:25:00,2026-02-28 08:42:15,British Airways,122
2026-02-28 18:25:00,2026-02-28 19:29:39,AirAsia India,168
2026-02-28 18:03:00,2026-02-28 20:32:29,GoAir,228
2026-02-28 21:01:00,2026-02-28 22:41:32,GoAir,146
2026-02-28 09:53:00,2026-02-28 11:51:59,IndiGo,122
2026-02-28 22:14:00,2026-02-28 23:30:07,Singapore Airlines,244
2026-02-28 19:20:00,2026-02-28 20:52:19,Emirates,77
2026-02-28 17:05:00,2026-02-28 18:27:33,Vistara,40
2026-02-28 21:26:00,2026-02-28 23:54:54,Lufthansa,172
2026-02-28 20:52:00,2026-02-28 21:58:44,SpiceJet,124
2026-02-28 06:45:00,2026-02-28 08:45:48,SpiceJet,98
2026-02-28 19:33:00,2026-02-28 22:18:31,Air India,185
2026-02-28 07:56:00,2026-02-28 10:35:57,Air India,162
2026-02-28 08:29:00,2026-02-28 09:35:04,AirAsia India,121
2026-02-28 18:17:00,2026-02-28 20:01:12,Singapore Airlines,85
2026-02-28 14:40:00,2026-02-28 17:30:46,Air India,193
2026-02-28 08:31:00,2026-02-28 10:42:17,SpiceJet,182
2026-03-01 16:22:00,2026-03-01 18:03:18,GoAir,145
2026-03-01 18:44:00,2026-03-01 19:54:50,Air India,242
2026-03-01 10:10:00,2026-03-01 12:52:27,Vistara,96
2026-03-01 20:41:00,2026-03-01 22:08:00,Vistara,73
2026-03-01 09:26:00,2026-03-01 11:27:35,Air India,115
2026-03-01 13:08:00,2026-03-01 15:25:41,British Airways,147
2026-03-01 19:14:00,2026-03-01 20:44:17,GoAir,162
2026-03-01 18:45:00,2026-03-01 21:02:07,Emirates,137
2026-03-01 21:54:00,2026-03-01 23:35:50,GoAir,167
2026-03-01 08:19:00,2026-03-01 10:40:15,British Airways,87
2026-03-01 11:06:00,2026-03-01 12:06:52,AirAsia India,222
2026-03-01 16:38:00,2026-03-01 18:51:05,GoAir,145
2026-03-01 18:30:00,2026-03-01 19:37:39,GoAir,205
2026-03-01 17:55:00,2026-03-01 19:28:13,GoAir,167
2026-03-01 08:33:00,2026-03-01 11:04:51,Air India,172
2026-03-01 19:51:00,2026-03-01 22:28:12,Emirates,178
2026-03-01 17:43:00,2026-03-01 18:59:47,Air India,172
2026-03-01 17:18:00,2026-03-01 18:49:07,Emirates,182
2026-03-01 11:47:00,2026-03-01 12:51:14,British Airways,216
2026-03-01 19:21:00,2026-03-01 21:48:11,Vistara,159
2026-03-01 18:40:00,2026-03-01 21:14:11,AirAsia India,185
2026-03-01 14:54:00,2026-03-01 16:14:23,Lufthansa,145
2026-03-01 08:06:00,2026-03-01 10:02:29,GoAir,222
2026-03-01 18:35:00,2026-03-01 21:06:33,SpiceJet,116
2026-03-01 22:57:00,2026-03-02 00:37:16,IndiGo,240
2026-03-01 08:14:00,2026-03-01 10:43:18,GoAir,147
2026-03-01 11:56:00,2026-03-01 13:35:45,GoAir,78
2026-03-01 16:29:00,2026-03-01 19:11:08,Singapore Airlines,156
2026-03-01 05:40:00,2026-03-01 07:50:01,British Airways,115
2026-03-01 06:56:00,2026-03-01 08:19:20,IndiGo,192
2026-03-01 20:24:00,2026-03-01 22:27:34,Emirates,117
2026-03-01 05:54:00,2026-03-01 07:12:05,Vistara,127
2026-03-01 10:36:00,2026-03-01 13:23:08,Singapore Airlines,55
2026-03-01 07:55:00,2026-03-01 10:20:52,IndiGo,127
2026-03-01 14:40:00,2026-03-01 17:38:23,AirAsia India,30
2026-03-01 17:00:00,2026-03-01 18:54:14,Vistara,70
2026-03-01 19:10:00,2026-03-01 21:19:09,SpiceJet,188
2026-03-01 14:48:00,2026-03-01 17:21:34,SpiceJet,189
2026-03-01 17:40:00,2026-03-01 19:31:31,Emirates,171
2026-03-01 22:24:00,2026-03-01 23:24:33,Lufthansa,101
2026-03-01 08:23:00,2026-03-01 11:17:00,AirAsia India,147
2026-03-01 19:33:00,2026-03-01 20:55:52,Air India,149
2026-03-01 17:15:00,2026-03-01 18:42:09,AirAsia India,92
2026-03-01 09:06:00,2026-03-01 10:52:01,British Airways,225
2026-03-01 09:04:00,2026-03-01 11:42:51,GoAir,193
2026-03-02 13:33:00,2026-03-02 15:44:33,AirAsia India,138
2026-03-02 12:43:00,2026-03-02 15:42:27,AirAsia India,151
2026-03-02 23:31:00,2026-03-03 01:14:06,Vistara,160
2026-03-02 07:58:00,2026-03-02 10:48:11,Emirates,47
2026-03-02 01:14:00,2026-03-02 03:41:15,SpiceJet,137
2026-03-02 08:01:00,2026-03-02 10:11:45,SpiceJet,115
2026-03-02 07:45:00,2026-03-02 10:03:03,Air India,99
2026-03-02 10:40:00,2026-03-02 12:10:41,Lufthansa,135
2026-03-02 17:38:00,2026-03-02 20:37:21,IndiGo,239
2026-03-02 17:01:00,2026-03-02 18:06:47,IndiGo,182
2026-03-02 11:24:00,2026-03-02 12:38:49,GoAir,121
2026-03-02 13:09:00,2026-03-02 14:33:39,Air India,178
2026-03-02 09:42:00,2026-03-02 10:54:07,Lufthansa,219
2026-03-02 09:38:00,2026-03-02 12:02:05,Emirates,196
2026-03-02 20:06:00,2026-03-02 22:07:23,British Airways,152
2026-03-02 07:07:00,2026-03-02 09:41:10,Singapore Airlines,117
2026-03-02 08:12:00,2026-03-02 10:45:21,Lufthansa,184
2026-03-02 22:22:00,2026-03-03 00:46:24,GoAir,169
2026-03-02 07:35:00,2026-03-02 09:34:33,Vistara,194
2026-03-02 18:30:00,2026-03-02 20:09:40,Air India,181
2026-03-02 01:05:00,2026-03-02 03:53:49,British Airways,202
2026-03-02 18:09:00,2026-03-02 21:02:56,Lufthansa,123
2026-03-02 06:46:00,2026-03-02 07:58:09,GoAir,215
2026-03-02 17:29:00,2026-03-02 20:27:38,GoAir,159
2026-03-02 08:03:00,2026-03-02 09:14:58,SpiceJet,253
2026-03-02 20:54:00,2026-03-02 22:28:52,AirAsia India,115
2026-03-02 12:07:00,2026-03-02 13:18:23,Air India,236
2026-03-02 00:08:00,2026-03-02 02:27:36,SpiceJet,159
2026-03-02 09:57:00,2026-03-02 11:49:31,British Airways,117
